[
    {
      "id": 1,
      "name": "Nike Dunk Low Panda",
      "price": 100,
      "description": "Shoes and sneakers",
      "status": "available",
      "ownerId": 101,
      "image": "/marketplace/img/kpuc1.png"
    },
    {
      "id": 2,
      "name": "Air Jordan 1 Chicago",
      "price": 120,
      "description": "Shoes and sneakers",
      "status": "available",
      "ownerId": 102,
      "image": "/marketplace/img/kpuc2.png"
    },
    {
      "id": 3,
      "name": "Yeezy Boost 350 V2",
      "price": 150,
      "description": "Shoes and sneakers",
      "status": "available",
      "ownerId": 103,
      "image": "/marketplace/img/kpuc3.png"
    },
    {
      "id": 4,
      "name": "Silver Ring",
      "price": 20,
      "description": "Accessories",
      "status": "available",
      "ownerId": 104,
      "image": "/marketplace/img/acc1.png"
    },
    {
      "id": 5,
      "name": "Golden Ring",
      "price": 15,
      "description": "Accessories",
      "status": "available",
      "ownerId": 105,
      "image": "/marketplace/img/acc2.png"
    },
    {
      "id": 6,
      "name": "Double Ring",
      "price": 30,
      "description": "Accessories",
      "status": "available",
      "ownerId": 106,
      "image": "/marketplace/img/acc3.png"
    },
    {
      "id": 7,
      "name": "Nintendo Switch",
      "price": 60,
      "description": "Electronics",
      "status": "available",
      "ownerId": 107,
      "image": "/marketplace/img/elec1.png"
    },
    {
    "id": 7,
    "name": "Gaming Mouse",
    "price": 45,
    "description": "Electronics",
    "status": "available",
    "ownerId": 107,
    "image": "/marketplace/img/elec2.png"
    },
    {
      "id": 7,
      "name": "Gaming Keyboard",
      "price": 40,
      "description": "Electronics",
      "status": "available",
      "ownerId": 107,
      "image": "/marketplace/img/elec3.png"
    },
    {
      "id": 7,
      "name": "Gaming Keyboard red",
      "price": 70,
      "description": "Electronics",
      "status": "available",
      "ownerId": 107,
      "image": "/marketplace/img/elec4.webp"
    },
    {
      "id": 7,
      "name": "Gaming Keyboard blue",
      "price": 30,
      "description": "Electronics",
      "status": "available",
      "ownerId": 107,
      "image": "/marketplace/img/elec5.webp"
    },
    {
      "id": 8,
      "name": "Denim Jacket",
      "price": 50,
      "description": "Men",
      "status": "available",
      "ownerId": 108,
      "image": "/marketplace/img/man1.png"
    },
    {
      "id": 9,
      "name": "Cute dress",
      "price": 23,
      "description": "Kids",
      "status": "available",
      "ownerId": 109,
      "image": "/marketplace/img/kid1.png"
    },
    
    {
      "id": 10,
      "name": "Blue fit",
      "price": 23,
      "description": "Kids",
      "status": "available",
      "ownerId": 109,
      "image": "/marketplace/img/kid2.png"
    },
    {
      "id": 11,
      "name": "Blue Sweater",
      "price": 23,
      "description": "Kids",
      "status": "available",
      "ownerId": 109,
      "image": "/marketplace/img/kid3.png"
    },
    {
      "id": 11,
      "name": "Blue Shirt",
      "price": 23,
      "description": "Women",
      "status": "available",
      "ownerId": 109,
      "image": "/marketplace/img/woman1.png"
    },
    {
      "id": 11,
      "name": "Brown Shirt",
      "price": 27,
      "description": "Women",
      "status": "available",
      "ownerId": 109,
      "image": "/marketplace/img/woman2.png"
    },
    {
      "id": 11,
      "name": "Black Shirt",
      "price": 16,
      "description": "Women",
      "status": "available",
      "ownerId": 109,
      "image": "/marketplace/img/woman3.png"
    }
  ]
  